/*Occupation*/
INSERT INTO OCCUPATIONS (ID,  NAME, CODE,APPROVED_HEADCOUNT,REGULATORY_OVERTIME,MANDATORY_SHIFTS) VALUES (1, 'مسئول اتاق عمل', 1,2,3,3);
INSERT INTO OCCUPATIONS (ID,  NAME, CODE,APPROVED_HEADCOUNT,REGULATORY_OVERTIME,MANDATORY_SHIFTS)  VALUES (2, 'كارشناس اتاق عمل', 2,2,3,3);
INSERT INTO OCCUPATIONS (ID,  NAME, CODE,APPROVED_HEADCOUNT,REGULATORY_OVERTIME,MANDATORY_SHIFTS)  VALUES (3, 'كارشناس بيهوشي و ريكاوري و پرستار پيش از عمل', 3,2,3,3);
INSERT INTO OCCUPATIONS (ID,  NAME, CODE,APPROVED_HEADCOUNT,REGULATORY_OVERTIME,MANDATORY_SHIFTS)  VALUES (4, 'سرپرستار', 4,2,3,3);
INSERT INTO OCCUPATIONS (ID,  NAME, CODE,APPROVED_HEADCOUNT,REGULATORY_OVERTIME,MANDATORY_SHIFTS)  VALUES (5, 'انبار', 5,2,3,3);
INSERT INTO OCCUPATIONS (ID,  NAME, CODE,APPROVED_HEADCOUNT,REGULATORY_OVERTIME,MANDATORY_SHIFTS)  VALUES (6, 'خدمات و كمك بهيار', 6,2,3,3);
INSERT INTO OCCUPATIONS (ID,  NAME, CODE,APPROVED_HEADCOUNT,REGULATORY_OVERTIME,MANDATORY_SHIFTS)  VALUES (7, 'CSSD', 7,2,3,3);
INSERT INTO OCCUPATIONS (ID,  NAME, CODE,APPROVED_HEADCOUNT,REGULATORY_OVERTIME,MANDATORY_SHIFTS)  VALUES (8, 'منشي اتاق عمل', 8,2,3,3);
INSERT INTO OCCUPATIONS (ID,  NAME, CODE,APPROVED_HEADCOUNT,REGULATORY_OVERTIME,MANDATORY_SHIFTS)  VALUES (9, 'اپراتور فمتو كاتاراكت', 9,2,3,3);
INSERT INTO OCCUPATIONS (ID,  NAME, CODE,APPROVED_HEADCOUNT,REGULATORY_OVERTIME,MANDATORY_SHIFTS)  VALUES (10, 'پرستار شيفت روز', 10,2,3,3);
INSERT INTO OCCUPATIONS (ID,  NAME, CODE,APPROVED_HEADCOUNT,REGULATORY_OVERTIME,MANDATORY_SHIFTS)  VALUES (11, 'پرستار شيفت شب', 11,2,3,3);
INSERT INTO OCCUPATIONS (ID,  NAME, CODE,APPROVED_HEADCOUNT,REGULATORY_OVERTIME,MANDATORY_SHIFTS)  VALUES (12, 'كمك بهيار', 12,2,3,3);
INSERT INTO OCCUPATIONS (ID,  NAME, CODE,APPROVED_HEADCOUNT,REGULATORY_OVERTIME,MANDATORY_SHIFTS)  VALUES (13, 'پرستار اورژانس', 13,2,3,3);
INSERT INTO OCCUPATIONS (ID,  NAME, CODE,APPROVED_HEADCOUNT,REGULATORY_OVERTIME,MANDATORY_SHIFTS)  VALUES (14, 'مهندس دستگاه', 14,2,3,3);
INSERT INTO OCCUPATIONS (ID,  NAME, CODE,APPROVED_HEADCOUNT,REGULATORY_OVERTIME,MANDATORY_SHIFTS)  VALUES (15, 'خدمات', 15,2,3,3);
INSERT INTO OCCUPATIONS (ID,  NAME, CODE,APPROVED_HEADCOUNT,REGULATORY_OVERTIME,MANDATORY_SHIFTS)  VALUES (16, 'كارشناس و مسئول', 16,2,3,3);
INSERT INTO OCCUPATIONS (ID,  NAME, CODE,APPROVED_HEADCOUNT,REGULATORY_OVERTIME,MANDATORY_SHIFTS)  VALUES (17, 'كارشناس و مشاور فمتو و كال سنتر مستقر', 17,2,3,3);
INSERT INTO OCCUPATIONS (ID,  NAME, CODE,APPROVED_HEADCOUNT,REGULATORY_OVERTIME,MANDATORY_SHIFTS)  VALUES (18, 'كارشناس اپتومتري 32 رديف - پاراكلينيك، پريمتري ولنز 9 رديف', 18,2,3,3);
INSERT INTO OCCUPATIONS (ID,  NAME, CODE,APPROVED_HEADCOUNT,REGULATORY_OVERTIME,MANDATORY_SHIFTS)  VALUES (19, 'ارتوپتيك (ساعتي)', 19,2,3,3);
INSERT INTO OCCUPATIONS (ID,  NAME, CODE,APPROVED_HEADCOUNT,REGULATORY_OVERTIME,MANDATORY_SHIFTS)  VALUES (20, 'كارشناس بيهوشي / پرستار/ اپراتور و منشي', 20,2,3,3);
INSERT INTO OCCUPATIONS (ID,  NAME, CODE,APPROVED_HEADCOUNT,REGULATORY_OVERTIME,MANDATORY_SHIFTS)  VALUES (21, 'كارشناس كال سنتر', 21,2,3,3);
INSERT INTO OCCUPATIONS (ID,  NAME, CODE,APPROVED_HEADCOUNT,REGULATORY_OVERTIME,MANDATORY_SHIFTS)  VALUES (22, 'مدير كال سنتر فرديس', 22,2,3,3);
INSERT INTO OCCUPATIONS (ID,  NAME, CODE,APPROVED_HEADCOUNT,REGULATORY_OVERTIME,MANDATORY_SHIFTS)  VALUES (23, 'مسئول كال سنتر فرديس', 23,2,3,3);
INSERT INTO OCCUPATIONS (ID,  NAME, CODE,APPROVED_HEADCOUNT,REGULATORY_OVERTIME,MANDATORY_SHIFTS)  VALUES (24, 'مخابرات', 24,2,3,3);
INSERT INTO OCCUPATIONS (ID,  NAME, CODE,APPROVED_HEADCOUNT,REGULATORY_OVERTIME,MANDATORY_SHIFTS)  VALUES (25, 'مسئول درمانگاه', 25,2,3,3);
INSERT INTO OCCUPATIONS (ID,  NAME, CODE,APPROVED_HEADCOUNT,REGULATORY_OVERTIME,MANDATORY_SHIFTS)  VALUES (26, 'مسئول درمانگاه شب', 26,2,3,3);
INSERT INTO OCCUPATIONS (ID,  NAME, CODE,APPROVED_HEADCOUNT,REGULATORY_OVERTIME,MANDATORY_SHIFTS)  VALUES (27, 'كارشناس پذيرش/ صندوق، منشي درمانگاه، منشي قلب، واحد تب سنجي', 27,2,3,3);
INSERT INTO OCCUPATIONS (ID,  NAME, CODE,APPROVED_HEADCOUNT,REGULATORY_OVERTIME,MANDATORY_SHIFTS)  VALUES (28, 'VIP', 28,2,3,3);
INSERT INTO OCCUPATIONS (ID,  NAME, CODE,APPROVED_HEADCOUNT,REGULATORY_OVERTIME,MANDATORY_SHIFTS)  VALUES (29, 'پذيرش اورژانس', 29,2,3,3);
INSERT INTO OCCUPATIONS (ID,  NAME, CODE,APPROVED_HEADCOUNT,REGULATORY_OVERTIME,MANDATORY_SHIFTS)  VALUES (30, 'جمع', 30,2,3,3);
INSERT INTO OCCUPATIONS (ID,  NAME, CODE,APPROVED_HEADCOUNT,REGULATORY_OVERTIME,MANDATORY_SHIFTS)  VALUES (31, 'مانيتور و كانفرم', 31,2,3,3);
INSERT INTO OCCUPATIONS (ID,  NAME, CODE,APPROVED_HEADCOUNT,REGULATORY_OVERTIME,MANDATORY_SHIFTS)  VALUES (32, 'منشي رئيس بيمارستان', 32,2,3,3);
INSERT INTO OCCUPATIONS (ID,  NAME, CODE,APPROVED_HEADCOUNT,REGULATORY_OVERTIME,MANDATORY_SHIFTS)  VALUES (33, 'بايگاني و كدگذاري', 33,2,3,3);
INSERT INTO OCCUPATIONS (ID,  NAME, CODE,APPROVED_HEADCOUNT,REGULATORY_OVERTIME,MANDATORY_SHIFTS)  VALUES (34, 'اسكن', 34,2,3,3);
INSERT INTO OCCUPATIONS (ID,  NAME, CODE,APPROVED_HEADCOUNT,REGULATORY_OVERTIME,MANDATORY_SHIFTS)  VALUES (35, 'برنامه ريزي و نظارت', 35,2,3,3);
INSERT INTO OCCUPATIONS (ID,  NAME, CODE,APPROVED_HEADCOUNT,REGULATORY_OVERTIME,MANDATORY_SHIFTS)  VALUES (36, 'مسئول صندوق', 36,2,3,3);
INSERT INTO OCCUPATIONS (ID,  NAME, CODE,APPROVED_HEADCOUNT,REGULATORY_OVERTIME,MANDATORY_SHIFTS)  VALUES (37, 'متصدي صندوق', 37,2,3,3);
INSERT INTO OCCUPATIONS (ID,  NAME, CODE,APPROVED_HEADCOUNT,REGULATORY_OVERTIME,MANDATORY_SHIFTS)  VALUES (38, 'مسئول بيمه و امورقراردادها', 38,2,3,3);
INSERT INTO OCCUPATIONS (ID,  NAME, CODE,APPROVED_HEADCOUNT,REGULATORY_OVERTIME,MANDATORY_SHIFTS)  VALUES (39, 'مسئول ترخيص', 39,2,3,3);
INSERT INTO OCCUPATIONS (ID,  NAME, CODE,APPROVED_HEADCOUNT,REGULATORY_OVERTIME,MANDATORY_SHIFTS)  VALUES (40, 'كارشناس بيمه و صدور معرفي نامه / ترخيص', 40,2,3,3);
INSERT INTO OCCUPATIONS (ID,  NAME, CODE,APPROVED_HEADCOUNT,REGULATORY_OVERTIME,MANDATORY_SHIFTS)  VALUES (41, 'مدير مالي', 41,2,3,3);
INSERT INTO OCCUPATIONS (ID,  NAME, CODE,APPROVED_HEADCOUNT,REGULATORY_OVERTIME,MANDATORY_SHIFTS)  VALUES (42, 'مسئول پروژه', 42,2,3,3);
INSERT INTO OCCUPATIONS (ID,  NAME, CODE,APPROVED_HEADCOUNT,REGULATORY_OVERTIME,MANDATORY_SHIFTS)  VALUES (43, 'رئيس حسابداري', 43,2,3,3);
INSERT INTO OCCUPATIONS (ID,  NAME, CODE,APPROVED_HEADCOUNT,REGULATORY_OVERTIME,MANDATORY_SHIFTS)  VALUES (44, 'كارشناس حسابداري', 44,2,3,3);
INSERT INTO OCCUPATIONS (ID,  NAME, CODE,APPROVED_HEADCOUNT,REGULATORY_OVERTIME,MANDATORY_SHIFTS)  VALUES (45, 'تحصيلدار', 45,2,3,3);
INSERT INTO OCCUPATIONS (ID,  NAME, CODE,APPROVED_HEADCOUNT,REGULATORY_OVERTIME,MANDATORY_SHIFTS)  VALUES (46, 'معاونت', 46,2,3,3);
INSERT INTO OCCUPATIONS (ID,  NAME, CODE,APPROVED_HEADCOUNT,REGULATORY_OVERTIME,MANDATORY_SHIFTS)  VALUES (47, 'helpdesk', 47,2,3,3);
INSERT INTO OCCUPATIONS (ID,  NAME, CODE,APPROVED_HEADCOUNT,REGULATORY_OVERTIME,MANDATORY_SHIFTS)  VALUES (48, 'كارشناس آموزش', 48,2,3,3);
INSERT INTO OCCUPATIONS (ID,  NAME, CODE,APPROVED_HEADCOUNT,REGULATORY_OVERTIME,MANDATORY_SHIFTS)  VALUES (49, 'مترون', 49,2,3,3);
INSERT INTO OCCUPATIONS (ID,  NAME, CODE,APPROVED_HEADCOUNT,REGULATORY_OVERTIME,MANDATORY_SHIFTS)  VALUES (50, 'بهبود كيفيت', 50,2,3,3);
INSERT INTO OCCUPATIONS (ID,  NAME, CODE,APPROVED_HEADCOUNT,REGULATORY_OVERTIME,MANDATORY_SHIFTS)  VALUES (51, 'مشاور ايمني', 51,2,3,3);
INSERT INTO OCCUPATIONS (ID,  NAME, CODE,APPROVED_HEADCOUNT,REGULATORY_OVERTIME,MANDATORY_SHIFTS)  VALUES (52, 'بهداشت حرفه اي /(ساعتي)', 52,2,3,3);
INSERT INTO OCCUPATIONS (ID,  NAME, CODE,APPROVED_HEADCOUNT,REGULATORY_OVERTIME,MANDATORY_SHIFTS)  VALUES (53, 'مديرعامل', 53,2,3,3);
INSERT INTO OCCUPATIONS (ID,  NAME, CODE,APPROVED_HEADCOUNT,REGULATORY_OVERTIME,MANDATORY_SHIFTS)  VALUES (54, 'مسئول دفتر مديرعامل', 54,2,3,3);
INSERT INTO OCCUPATIONS (ID,  NAME, CODE,APPROVED_HEADCOUNT,REGULATORY_OVERTIME,MANDATORY_SHIFTS)  VALUES (55, 'مديرداخلي', 55,2,3,3);
INSERT INTO OCCUPATIONS (ID,  NAME, CODE,APPROVED_HEADCOUNT,REGULATORY_OVERTIME,MANDATORY_SHIFTS)  VALUES (56, 'مسئول دفتر مديرداخلي', 56,2,3,3);
INSERT INTO OCCUPATIONS (ID,  NAME, CODE,APPROVED_HEADCOUNT,REGULATORY_OVERTIME,MANDATORY_SHIFTS)  VALUES (57, 'مسئول دفتر آقاي دكتر صدر', 57,2,3,3);
INSERT INTO OCCUPATIONS (ID,  NAME, CODE,APPROVED_HEADCOUNT,REGULATORY_OVERTIME,MANDATORY_SHIFTS)  VALUES (58, 'مسئول دفتر رياست', 58,2,3,3);
INSERT INTO OCCUPATIONS (ID,  NAME, CODE,APPROVED_HEADCOUNT,REGULATORY_OVERTIME,MANDATORY_SHIFTS)  VALUES (59, 'مسئول فني', 59,2,3,3);
INSERT INTO OCCUPATIONS (ID,  NAME, CODE,APPROVED_HEADCOUNT,REGULATORY_OVERTIME,MANDATORY_SHIFTS)  VALUES (60, 'نسخه پيچ', 60,2,3,3);
INSERT INTO OCCUPATIONS (ID,  NAME, CODE,APPROVED_HEADCOUNT,REGULATORY_OVERTIME,MANDATORY_SHIFTS)  VALUES (61, 'مسئول امور عمومي', 61,2,3,3);
INSERT INTO OCCUPATIONS (ID,  NAME, CODE,APPROVED_HEADCOUNT,REGULATORY_OVERTIME,MANDATORY_SHIFTS)  VALUES (62, 'مسئول خدمات و بهداشت محيط', 62,2,3,3);
INSERT INTO OCCUPATIONS (ID,  NAME, CODE,APPROVED_HEADCOUNT,REGULATORY_OVERTIME,MANDATORY_SHIFTS)  VALUES (63, 'كافي شاپ', 63,2,3,3);
INSERT INTO OCCUPATIONS (ID,  NAME, CODE,APPROVED_HEADCOUNT,REGULATORY_OVERTIME,MANDATORY_SHIFTS)  VALUES (64, 'خدمات صبح و مطب/ سرخدمه/ كارگر تأسيسات/ لاندري / خدمات شب', 64,2,3,3);
INSERT INTO OCCUPATIONS (ID,  NAME, CODE,APPROVED_HEADCOUNT,REGULATORY_OVERTIME,MANDATORY_SHIFTS)  VALUES (65, 'بيماربر', 65,2,3,3);
INSERT INTO OCCUPATIONS (ID,  NAME, CODE,APPROVED_HEADCOUNT,REGULATORY_OVERTIME,MANDATORY_SHIFTS)  VALUES (66, 'انتظامات', 66,2,3,3);
INSERT INTO OCCUPATIONS (ID,  NAME, CODE,APPROVED_HEADCOUNT,REGULATORY_OVERTIME,MANDATORY_SHIFTS)  VALUES (67, 'متصدي آسانسور (داخل كابين بعد از رفع پاندمي)', 67,2,3,3);
INSERT INTO OCCUPATIONS (ID,  NAME, CODE,APPROVED_HEADCOUNT,REGULATORY_OVERTIME,MANDATORY_SHIFTS)  VALUES (68, 'متصدي آسانسور (بيرون كابين)', 68,2,3,3);
INSERT INTO OCCUPATIONS (ID,  NAME, CODE,APPROVED_HEADCOUNT,REGULATORY_OVERTIME,MANDATORY_SHIFTS)  VALUES (69, 'نگهباني اداري', 69,2,3,3);
INSERT INTO OCCUPATIONS (ID,  NAME, CODE,APPROVED_HEADCOUNT,REGULATORY_OVERTIME,MANDATORY_SHIFTS)  VALUES (70, 'پاركينگ مجاور 96', 70,2,3,3);
INSERT INTO OCCUPATIONS (ID,  NAME, CODE,APPROVED_HEADCOUNT,REGULATORY_OVERTIME,MANDATORY_SHIFTS)  VALUES (71, 'پاركينگ مجاور 80', 71,2,3,3);
INSERT INTO OCCUPATIONS (ID,  NAME, CODE,APPROVED_HEADCOUNT,REGULATORY_OVERTIME,MANDATORY_SHIFTS)  VALUES (72, 'اطلاعات', 72,2,3,3);
INSERT INTO OCCUPATIONS (ID,  NAME, CODE,APPROVED_HEADCOUNT,REGULATORY_OVERTIME,MANDATORY_SHIFTS)  VALUES (73, 'تكنسين روز و شب', 73,2,3,3);
INSERT INTO OCCUPATIONS (ID,  NAME, CODE,APPROVED_HEADCOUNT,REGULATORY_OVERTIME,MANDATORY_SHIFTS)  VALUES (74, 'پرسنل', 74,2,3,3);
INSERT INTO OCCUPATIONS (ID,  NAME, CODE,APPROVED_HEADCOUNT,REGULATORY_OVERTIME,MANDATORY_SHIFTS)  VALUES (75, 'كارگر', 75,2,3,3);
INSERT INTO OCCUPATIONS (ID,  NAME, CODE,APPROVED_HEADCOUNT,REGULATORY_OVERTIME,MANDATORY_SHIFTS)  VALUES (76, 'آقايان سواری ........ و اصغری', 76,2,3,3);
INSERT INTO OCCUPATIONS (ID,  NAME, CODE,APPROVED_HEADCOUNT,REGULATORY_OVERTIME,MANDATORY_SHIFTS)  VALUES (77, 'پشتيبان', 77,2,3,3);
INSERT INTO OCCUPATIONS (ID,  NAME, CODE,APPROVED_HEADCOUNT,REGULATORY_OVERTIME,MANDATORY_SHIFTS)  VALUES (78, 'طراح و برنامه نويس وب سايت', 78,2,3,3);
INSERT INTO OCCUPATIONS (ID,  NAME, CODE,APPROVED_HEADCOUNT,REGULATORY_OVERTIME,MANDATORY_SHIFTS)  VALUES (79, 'Admin وب سايت', 79,2,3,3);
INSERT INTO OCCUPATIONS (ID,  NAME, CODE,APPROVED_HEADCOUNT,REGULATORY_OVERTIME,MANDATORY_SHIFTS)  VALUES (80, 'منشي اپيدميولوژيك', 80,2,3,3);
INSERT INTO OCCUPATIONS (ID,  NAME, CODE,APPROVED_HEADCOUNT,REGULATORY_OVERTIME,MANDATORY_SHIFTS)  VALUES (81, 'راننده آقاي دكتر صدر', 81,2,3,3);
INSERT INTO OCCUPATIONS (ID,  NAME, CODE,APPROVED_HEADCOUNT,REGULATORY_OVERTIME,MANDATORY_SHIFTS)  VALUES (82, 'مسئول تجهيزات پزشكي', 82,2,3,3);
INSERT INTO OCCUPATIONS (ID,  NAME, CODE,APPROVED_HEADCOUNT,REGULATORY_OVERTIME,MANDATORY_SHIFTS)  VALUES (83, 'مسئول فناوري اطلاعات سلامت', 83,2,3,3);
INSERT INTO OCCUPATIONS (ID,  NAME, CODE,APPROVED_HEADCOUNT,REGULATORY_OVERTIME,MANDATORY_SHIFTS)  VALUES (84, 'IPD', 84,2,3,3);
INSERT INTO OCCUPATIONS (ID,  NAME, CODE,APPROVED_HEADCOUNT,REGULATORY_OVERTIME,MANDATORY_SHIFTS)  VALUES (85, 'منشی تجهیزات پزشکی', 85,2,3,3);
INSERT INTO OCCUPATIONS (ID,  NAME, CODE,APPROVED_HEADCOUNT,REGULATORY_OVERTIME,MANDATORY_SHIFTS)  VALUES (86, 'تغذيه', 86,2,3,3);
INSERT INTO OCCUPATIONS (ID,  NAME, CODE,APPROVED_HEADCOUNT,REGULATORY_OVERTIME,MANDATORY_SHIFTS)  VALUES (87, 'كنترل عفونت', 87,2,3,3);
INSERT INTO OCCUPATIONS (ID,  NAME, CODE,APPROVED_HEADCOUNT,REGULATORY_OVERTIME,MANDATORY_SHIFTS)  VALUES (88, 'مديريت ارتباطات', 88,2,3,3);
INSERT INTO OCCUPATIONS (ID,  NAME, CODE,APPROVED_HEADCOUNT,REGULATORY_OVERTIME,MANDATORY_SHIFTS)  VALUES (89, 'كارشناس HIS', 89,2,3,3);

/*Department*/
INSERT INTO DEPARTMENTS (ID,  NAME, CODE,DEPARTMENT_TYPE) VALUES (1, 'اتاق عمل', 1,0);
INSERT INTO DEPARTMENTS (ID,  NAME, CODE,DEPARTMENT_TYPE) VALUES (2, 'بخش بستري', 2,0);
INSERT INTO DEPARTMENTS (ID,  NAME, CODE,DEPARTMENT_TYPE) VALUES (3, 'اورژانس', 3,0);
INSERT INTO DEPARTMENTS (ID,  NAME, CODE,DEPARTMENT_TYPE) VALUES (4, 'مشاوره قلب', 4,0);
INSERT INTO DEPARTMENTS (ID,  NAME, CODE,DEPARTMENT_TYPE) VALUES (5, 'اتاق عمل ليزيك', 5,0);
INSERT INTO DEPARTMENTS (ID,  NAME, CODE,DEPARTMENT_TYPE) VALUES (6, 'پذيرش ليزيك', 6,0);
INSERT INTO DEPARTMENTS (ID,  NAME, CODE,DEPARTMENT_TYPE) VALUES (7, 'پذيرش اتاق عمل', 7,0);
INSERT INTO DEPARTMENTS (ID,  NAME, CODE,DEPARTMENT_TYPE) VALUES (8, 'اپتومتري', 8,0);
INSERT INTO DEPARTMENTS (ID,  NAME, CODE,DEPARTMENT_TYPE) VALUES (9, 'آنژيوگرافي و ليزر', 9,0);
INSERT INTO DEPARTMENTS (ID,  NAME, CODE,DEPARTMENT_TYPE) VALUES (10, 'كال سنتر', 10,0);
INSERT INTO DEPARTMENTS (ID,  NAME, CODE,DEPARTMENT_TYPE) VALUES (11, 'پذيرش و مدارك پزشكي', 11,0);
INSERT INTO DEPARTMENTS (ID,  NAME, CODE,DEPARTMENT_TYPE) VALUES (12, 'صندوق', 12,0);
INSERT INTO DEPARTMENTS (ID,  NAME, CODE,DEPARTMENT_TYPE) VALUES (13, 'بيمه و ترخيص', 13,0);
INSERT INTO DEPARTMENTS (ID,  NAME, CODE,DEPARTMENT_TYPE) VALUES (14, 'حسابداري', 14,0);
INSERT INTO DEPARTMENTS (ID,  NAME, CODE,DEPARTMENT_TYPE) VALUES (15, 'فناوري اطلاعات', 15,0);
INSERT INTO DEPARTMENTS (ID,  NAME, CODE,DEPARTMENT_TYPE) VALUES (16, 'امور اداري', 16,0);
INSERT INTO DEPARTMENTS (ID,  NAME, CODE,DEPARTMENT_TYPE) VALUES (17, 'دفتر پرستاري', 17,0);
INSERT INTO DEPARTMENTS (ID,  NAME, CODE,DEPARTMENT_TYPE) VALUES (18, 'دفتر مديريت', 18,0);
INSERT INTO DEPARTMENTS (ID,  NAME, CODE,DEPARTMENT_TYPE) VALUES (19, 'داروخانه', 19,0);
INSERT INTO DEPARTMENTS (ID,  NAME, CODE,DEPARTMENT_TYPE) VALUES (20, 'خدمات و لاندري', 20,0);
INSERT INTO DEPARTMENTS (ID,  NAME, CODE,DEPARTMENT_TYPE) VALUES (21, 'انتظامات، آسانسور', 21,0);
INSERT INTO DEPARTMENTS (ID,  NAME, CODE,DEPARTMENT_TYPE) VALUES (22, 'اطلاعات، پاركينگ و سرخط', 22,0);
INSERT INTO DEPARTMENTS (ID,  NAME, CODE,DEPARTMENT_TYPE) VALUES (23, 'تأسيسات', 23,0);
INSERT INTO DEPARTMENTS (ID,  NAME, CODE,DEPARTMENT_TYPE) VALUES (24, 'انبار', 24,0);
INSERT INTO DEPARTMENTS (ID,  NAME, CODE,DEPARTMENT_TYPE) VALUES (25, 'روابط عمومي', 25,0);
INSERT INTO DEPARTMENTS (ID,  NAME, CODE,DEPARTMENT_TYPE) VALUES (26, 'رسيدگي به شكايات', 26,0);
INSERT INTO DEPARTMENTS (ID,  NAME, CODE,DEPARTMENT_TYPE) VALUES (27, 'تداركات', 27,0);
INSERT INTO DEPARTMENTS (ID,  NAME, CODE,DEPARTMENT_TYPE) VALUES (28, 'مسئول ساختمان', 28,0);
INSERT INTO DEPARTMENTS (ID,  NAME, CODE,DEPARTMENT_TYPE) VALUES (29, 'آژانس', 29,0);
INSERT INTO DEPARTMENTS (ID,  NAME, CODE,DEPARTMENT_TYPE) VALUES (30, 'سمعي بصري', 30,0);
INSERT INTO DEPARTMENTS (ID,  NAME, CODE,DEPARTMENT_TYPE) VALUES (31, 'امور رفاهي', 31,0);
INSERT INTO DEPARTMENTS (ID,  NAME, CODE,DEPARTMENT_TYPE) VALUES (32, 'تجهيزات پزشكي', 32,0);
INSERT INTO DEPARTMENTS (ID,  NAME, CODE,DEPARTMENT_TYPE) VALUES (33, 'وب', 33,0);
INSERT INTO DEPARTMENTS (ID,  NAME, CODE,DEPARTMENT_TYPE) VALUES (34, 'مركز تحقيقات', 34,0);
INSERT INTO DEPARTMENTS (ID,  NAME, CODE,DEPARTMENT_TYPE) VALUES (35, 'نورآوران', 35,0);
INSERT INTO DEPARTMENTS (ID,  NAME, CODE,DEPARTMENT_TYPE) VALUES (36, 'گروه شركت هاي نور', 36,0);
INSERT INTO DEPARTMENTS (ID,  NAME, CODE,DEPARTMENT_TYPE) VALUES (37, 'تزريق', 37,0);
INSERT INTO DEPARTMENTS (ID,  NAME, CODE,DEPARTMENT_TYPE) VALUES (38, 'بازاريابي', 38,0);




/*Services*/
INSERT INTO SERVICES (ID, NAME, CODE,PARENT_ID,DESCRIPTION) VALUES (1, 'ویزیت', 1,null,'');
INSERT INTO SERVICES (ID, NAME, CODE,PARENT_ID,DESCRIPTION) VALUES (12, ' لیزیک', 12,null,'');
INSERT INTO SERVICES (ID, NAME, CODE,PARENT_ID,DESCRIPTION) VALUES (2, 'لیزر شبکیه', 2,12,'');
INSERT INTO SERVICES (ID, NAME, CODE,PARENT_ID,DESCRIPTION) VALUES (3, 'آنژیوگرافی  ', 3,null,'');
INSERT INTO SERVICES (ID, NAME, CODE,PARENT_ID,DESCRIPTION) VALUES (4, 'پاراکلینیک', 4,null,'');
INSERT INTO SERVICES (ID, NAME, CODE,PARENT_ID,DESCRIPTION) VALUES (5, 'PRK', 5,12,'');
INSERT INTO SERVICES (ID, NAME, CODE,PARENT_ID,DESCRIPTION) VALUES (6, 'اتاق عمل فمتولیزیک', 6,12,'');
INSERT INTO SERVICES (ID, NAME, CODE,PARENT_ID,DESCRIPTION) VALUES (7, 'اتاق عمل فمتواسمایل', 7,12,'');
INSERT INTO SERVICES (ID, NAME, CODE,PARENT_ID,DESCRIPTION) VALUES (8, 'اتاق عمل فمتوليزيك پيشرفته', 8,null,'');
INSERT INTO SERVICES (ID, NAME, CODE,PARENT_ID,DESCRIPTION) VALUES (9, 'اتاق عمل فمتواسمايل پيشرفته', 9,null,'');
INSERT INTO SERVICES (ID, NAME, CODE,PARENT_ID,DESCRIPTION) VALUES (10, 'اتاق عمل تزریق', 10,null,'');
INSERT INTO SERVICES (ID, NAME, CODE,PARENT_ID,DESCRIPTION) VALUES (11, 'اتاق عمل بستری', 11,   null,'');

INSERT INTO SERVICES (ID, NAME, CODE,PARENT_ID,DESCRIPTION) VALUES (13, '  OCT', 13,null,'');
/*Years*/
INSERT INTO years (id, name, code) VALUES (1400, ' سال1400', 1400);
INSERT INTO years (id, name, code) VALUES (1401, ' سال ۱۴۰۱', 1401);
INSERT INTO years (id, name, code) VALUES (1402, ' سال ۱۴۰۲', 1402);
INSERT INTO years (id, name, code) VALUES (1403, '۱۴۰۳ سال', 1403);
INSERT INTO years (id, name, code) VALUES (1404, ' سال ۱۴۰۴', 1404);
INSERT INTO years (id, name, code) VALUES (1405, ' سال ۱۴۰۵', 1405);

/*Month*/
INSERT INTO months (id, name, code, NUMBER_MONTH) VALUES (1, 'فروردین', 1, 1);
INSERT INTO months (id, name, code, NUMBER_MONTH) VALUES (2, 'اردیبهشت', 2, 2);
INSERT INTO months (id, name, code, NUMBER_MONTH) VALUES (3, 'خرداد', 3, 3);
INSERT INTO months (id, name, code, NUMBER_MONTH) VALUES (4, 'تیر', 4, 4);
INSERT INTO months (id, name, code, NUMBER_MONTH) VALUES (5, 'مرداد', 5, 5);
INSERT INTO months (id, name, code, NUMBER_MONTH) VALUES (6, 'شهریور', 6, 6);
INSERT INTO months (id, name, code, NUMBER_MONTH) VALUES (7, 'مهر', 7, 7);
INSERT INTO months (id, name, code, NUMBER_MONTH) VALUES (8, 'آبان', 8, 8);
INSERT INTO months (id, name, code, NUMBER_MONTH) VALUES (9, 'آذر', 9, 9);
INSERT INTO months (id, name, code, NUMBER_MONTH) VALUES (10, 'دی', 10, 10);
INSERT INTO months (id, name, code, NUMBER_MONTH) VALUES (11, 'بهمن', 11, 11);
INSERT INTO months (id, name, code, NUMBER_MONTH) VALUES (12, 'اسفند', 12, 12);

/*Organization*/
INSERT INTO ORGANIZATIONS (ID, NAME, CODE,BASIS) VALUES (1, 'نور اسفندیار', 1,true);
INSERT INTO ORGANIZATIONS (ID, NAME, CODE,BASIS) VALUES (2, 'مطهری', 2,false);
INSERT INTO ORGANIZATIONS (ID, NAME, CODE,BASIS) VALUES (4, 'کرج', 4,false);
INSERT INTO ORGANIZATIONS (ID, NAME, CODE,BASIS) VALUES (3, ' فردیس', 3,false);
INSERT INTO ORGANIZATIONS (ID, NAME, CODE,BASIS) VALUES (5, 'شهرری', 5,false);

INSERT INTO PERSONNEL_ATTENDANCE(ID, DEPARTMENT_ID, ORGANIZATION_ID, Month_id, Year_id, Occupation_id,
                                 TOTAL_HOURS_WORKED, TOTAL_MINUTES_WORKED, TOTAL_WORKED,
                                 TOTAL_WITH_MULTIPLIER, TOTAL_WITH_OUT_MULTIPLIER,
                                 OVERTIME_DAYS_WORKED, OVERTIME_HOURS_WORKED, OVERTIME_MINUTES_WORKED,
                                 OVERTIME_TOTAL_WORKED, ATTENDANCE_COUNT)
VALUES
    (1, 1, 1, 1, 1404, 1, 21, 22, 23, 24, 25, 26, 27, 28, 29, 30),
    (2, 1, 1, 2, 1404, 1, 51, 52, 53, 54, 55, 66, 57, 58, 59, 60),
    (3, 2, 1, 3, 1404, 2, 40, 10, 41, 45, 42, 3, 4, 15, 5, 22),
    (4, 2, 1, 4, 1404, 3, 38, 5, 38, 40, 35, 2, 3, 20, 3, 20),
    (5, 3, 2, 5, 1404, 4, 45, 30, 46, 50, 48, 4, 2, 15, 3, 25),
    (6, 4, 2, 6, 1404, 5, 60, 0, 60, 65, 60, 5, 0, 0, 5, 28),
    (7, 1, 1, 7, 1404, 1, 35, 20, 36, 38, 37, 2, 1, 30, 2, 26),
    (8, 2, 1, 8, 1404, 2, 50, 45, 51, 55, 52, 3, 4, 10, 4, 27),
    (9, 3, 2, 9, 1404, 3, 42, 15, 43, 47, 44, 1, 2, 5, 2, 24),
    (10, 4, 2, 10, 1404, 4, 48, 10, 49, 53, 50, 4, 3, 10, 4, 30);